code,name
002027,分众传媒
000002,万科
000157,中联重科
000333,美的集团
000418,小天鹅
000423,东阿阿胶
000651,格力电器
000818,方大化工
000826,启迪桑德
000848,承德露露
000895,双汇发展
000957,中通客车
002008,大族激光
002027,分众传媒
002032,苏泊尔
002038,双鹭药业
002081,金螳螂
002121,科陆电子
002138,顺络电子
002152,广电运通
002179,中航光电
002215,诺普信
002236,大华股份
002271,东方雨虹
002279,久其软件
002294,信立泰
002295,豪迈科技
002304,洋河股份
002352,顺丰控股
002353,杰瑞股份
002372,伟星新材
002396,星网锐捷
002415,海康威视
002508,老板电器
002573,清新环境
002603,以岭医药
002677,浙江美大
002680,长生生物
002690,美亚光电
002714,牧原股份
002745,木林森
022518,科士达
300033,同花顺
300059,东方财富
300072,三聚环保
300124,汇川技术
300133,顺网科技
300144,宋城演艺
300188,美亚柏科
300267,尔康制药
300296,利亚德
300327,中颖电子
300376,易事特
300383,光环新网
300450,先导智能
300557,理工光科
300584,海辰药业
300633,开立医疗
300642,透景生命
300760,迈瑞医疗
600031,三一重工
600036,招商银行
600066,宇通客车
600177,雅戈尔
600276,恒瑞医药
600298,安琪酵母
600315,上海家化
600340,华夏幸福
600346,恒力股份
600398,海澜之家
600401,海润
600487,亨通光电
600518,康美医药
600519,贵州茅台
600585,海螺水泥
600587,新华医疗
600588,用友
600660,福耀玻璃
600664,哈药股份
600674,川投能源
600755,厦门国贸
600886,国投电力
600887,伊利股份
600894,广日股份
600993,马应龙
601006,大秦铁路
601098,中南传媒
601318,中国平安
601398,工商银行
603156,养元饮品
603288,海天味业
603387,基蛋生物
603568,伟明环保
603611,诺力股份
603660,苏州科达
603866,桃李面包
603868,飞科电器
